ProductID;Title;Category;Stock;Available;LOT;Pcs;AgeInDays;COGS;Excise;CPU;Total;GrandTotal
2100007099;A.H. Riise 1888 Copenhagen Gold Medal Rum;;6;6;24/01/2022;6;9;18,95;3,696;0,7872;23,4332;140,6
1007337;A.H. Riise XO Christmas Rum 2013;;3;3;28/12/2021;3;36;24,5;3,696;0,3704;28,5664;85,7
1019922;A.H. Riise XO King Haakon Royal Reserve Rum;;4;4;26/10/2021;4;99;25,2;3,8808;0,4837;29,5645;118,26
1016525;Aberlour 12 Year Old Double Cask Matured;;5;5;12/11/2021;3;82;22,51;3,696;0,597;26,803;134,02
1005077;Aberlour 16 Year Old;;5;5;20/12/2021;6;44;22,51;3,696;0,597;26,803;134,02
1023442;Aberlour 18 Year Old Double Cask Matured (500ml);;2;2;28/12/2021;2;36;41;3,9732;0,3704;45,3436;90,69
1021582;Ableforth's Bathtub Gin;;10;10;01/06/2021;1;246;47,795;2,838;0,4428;51,0758;510,76
2100007344;Adamus Vinica 20 Year Old Gin;;10;10;14/12/2021;3;50;47,795;2,838;0,4428;51,0758;510,76
2100007408;Aerstone 10 Year Old Land Cask Whisky;;10;10;28/12/2021;6;36;47,795;2,838;0,4428;51,0758;510,76
2100007407;Aerstone 10 Year Old Sea Cask Whisky;;3;3;26/10/2021;3;99;14,6;4,0009;0,4837;19,0846;57,25
1022807;Aivy Blue Triple Grain Vodka;;1;1;14/12/2021;1;50;42,5;3,8438;0,5145;46,8583;46,86
1018148;Akashi White Oak Blended Japanese Whisky;;6;6;22/12/2021;6;42;14,5;3,696;0,8636;19,0596;114,36
1024471;Akori Cherry Blossom Gin;;5;5;22/12/2021;5;42;14,5;3,696;0,8636;19,0596;95,3
1007930;Alipus San Andres Mezcal;;9;9;31/05/2021;9;247;12,6005;3,696;0;16,2965;146,67
2100006965;Amaro Nonino Quintessentia Liqueur;;11;11;28/12/2021;12;36;14,85;2,64;0,4322;17,9222;197,14
1006483;Amrut Fusion Single Malt Whisky;;1;1;26/08/2021;1;160;13,2;3,696;0,3795;17,2755;17,28
1023087;Amrut Two Indies Rum;;9;9;12/07/2021;9;205;38,34;4,352;0;42,692;384,23
1005321;anCnoc 12 Year Old;;2;2;19/10/2021;2;106;12,4;3,234;0,4423;16,0763;32,15
1019899;Angostura 1824 Premium Rum;;1;1;16/08/2021;1;170;23,95;4,62;0,327;28,897;28,9
2100006673;Angostura 7 Year Old Dark Rum;;9;9;02/12/2021;3;62;12,02;3,9547;0,5678;16,5425;148,88
1012718;Ararat Akhtamar 10 Year Old;;9;9;20/12/2021;6;44;12,02;3,9547;0,5678;16,5425;148,88
2100005928;Ararat Vaspurakan 15 Year Old;;8;8;06/09/2021;2;149;16,4667;3,696;0,5137;20,6764;165,41
1004635;Ardbeg 10 Year Old;;8;8;28/12/2021;6;36;16,4667;3,696;0,5137;20,6764;165,41
1023011;Ardbeg 1975 Gordon and MacPhail;;2;2;06/09/2021;2;149;31,8;3,696;0,8004;36,2964;72,59
1021949;Ardbeg 21 Year Old Committee Only Edition 2016 (Tasting sample);;6;6;02/12/2021;6;62;11,87;3,696;0,5241;16,0901;96,54
1023720;Ardbeg 5 Year Old Wee Beastie;;2;2;14/12/2021;3;50;18,7871;3,696;0,4489;22,932;45,86
1022418;Ardbeg An Oa;;4;4;23/11/2021;1;71;32,9;3,696;0,3976;36,9936;147,97
1005225;Ardbeg Corryvreckan;;4;4;28/12/2021;3;36;32,9;3,696;0,3976;36,9936;147,97
1021623;Ardbeg Galileo (Tasting sample);;11;11;26/10/2021;3;99;27,0429;4,2504;0,6202;31,9135;351,05
1024029;Ardbeg Traigh Bhan 19 Year Old 2020 Edition;;11;11;22/11/2021;6;72;27,0429;4,2504;0,6202;31,9135;351,05
1004346;Ardbeg Uigeadail;;11;11;07/12/2021;6;57;27,0429;4,2504;0,6202;31,9135;351,05
1021948;Ardbeg Uigeadail (Tasting sample);;2;2;12/03/2021;1;327;905,6446;3,696;0;909,3406;1.818,68
1007363;Ardmore Legacy;;2;2;23/06/2021;1;224;905,6446;3,696;0;909,3406;1.818,68
1023805;Arehucas Añejo Reserva Especial 18 Year Old Rum;;1;1;10/04/2017;1;1759;30,8012;0,2733;0;31,0745;31,07
2100007404;Arehucas Club 7 Year Old Rum;;6;6;24/01/2022;6;9;24,7;4,3798;0,7872;29,867;179,2
1024363;Arran Quarter Cask The Bothy;;4;4;07/12/2021;4;57;29,1994;4,3058;0,6319;34,1371;136,55
1000039;Auchentoshan 12 Year Old Whisky;;3;3;14/12/2021;3;50;46,9967;5,276;0,5848;52,8575;158,57
1007397;Auchentoshan American Oak;;1;1;07/11/2016;1;1913;11,0121;0,2911;3,9173;15,2205;15,22
1006281;Auchroisk 10 YO Flora and Fauna;;1;1;25/03/2021;1;314;352,29;4,2689;0;356,5589;356,56
1022392;Aultmore 18 Year Old;;2;2;22/12/2021;2;42;42,25;5,0081;0,8636;48,1217;96,24
2100006959;Averna Amaro;;7;7;10/04/2017;7;1759;2,43;0,3219;0;2,7519;19,26
1024205;Bacoo 11 Year Old Rum;;3;3;12/11/2021;3;82;11,7743;3,696;0,4519;15,9222;47,77
1004173;Bain's Cape Mountain Single Grain Whisky;;1;1;03/01/2022;1;30;27,11;3,696;0,7075;31,5135;31,51
1023179;Ballantine's 17 Year Old 40%;;6;6;22/12/2021;6;42;6,99;3,696;0,8636;11,5496;69,3
1016490;Balvenie Tun 1509 Batch #1 (Tasting sample);;3;3;28/12/2021;3;36;22,85;5,1929;0,3704;28,4133;85,24
1021048;Barbancourt 15 Year Old Reserve du Domaine Rhum;;6;6;06/09/2021;4;149;16,1741;3,696;0,7307;20,6008;123,6
1008438;Barsol Pisco Quebranta;;6;6;22/11/2021;6;72;16,1741;3,696;0,7307;20,6008;123,6
1022335;Basil Hayden's Bourbon;;10;10;28/12/2021;10;36;14,5;3,696;0,3704;18,5664;185,66
1011680;BenRiach 10 Year Old;;3;3;19/04/2021;4;289;32,9;3,9732;0,5867;37,4599;112,38
1006632;Benromach 10 Year Old;;2;2;28/12/2021;2;36;79,5;4,2504;0,3704;84,1208;168,24
1023548;Benromach 2009 Peat Smoke;;5;5;22/12/2021;5;42;5,35;2,6796;0,8636;8,8932;44,47
1005740;Benromach Contrasts: Organic;;10;10;03/01/2022;11;30;13;3,696;0,6725;17,3685;173,69
1023616;Bepi Tosolini Smoked Grappa;;22;22;24/01/2022;22;9;8,9;3,696;0,7872;13,3832;294,43
1022260;Bib & Tucker 6 Year Old Small Batch Bourbon;;6;6;22/07/2020;3;560;42,3;3,696;0,7872;46,7832;280,7
1003740;Big Peat;;6;6;03/11/2020;6;456;42,3;3,696;0,7872;46,7832;280,7
1021884;Black Tomato Gin;;6;6;24/01/2022;6;9;42,3;3,696;0,7872;46,7832;280,7
2100006787;Bladnoch 11 Year Old Scotch Whisky 2020 Release;;1;1;07/11/2016;1;1913;15,9486;0,2798;16,0573;32,2857;32,29
1023630;Blanton's Single Barrel Dumped 2019 46.5%;;1;1;20/12/2021;1;44;41,3129;3,9732;0,6419;45,928;45,93
1023628;Blanton's Single Barrel Dumped 2019 64.6%;;6;6;06/09/2021;6;149;8,7;3,8161;0,762;13,2781;79,67
1023629;Blanton's Single Barrel Dumped 2019 64.8%;;8;8;16/12/2020;1;413;22,3032;3,696;0,7468;26,746;213,97
1007411;Bloom London Dry Gin;;8;8;31/03/2021;1;308;22,3032;3,696;0,7468;26,746;213,97
1023604;Bordiga Gin Premium Smoke;;8;8;24/01/2022;7;9;22,3032;3,696;0,7468;26,746;213,97
1022400;Bowmore 15 Year Old;;6;6;28/12/2021;6;36;18,95;3,9732;0,3704;23,2936;139,76
1024052;Bowmore 1991 Antique Lions 25 Year Old The Butterflies Series;;9;9;07/12/2021;3;57;20,9233;3,9732;0,739;25,6355;230,72
2100006261;Bowsaw Extra American Small Batch Bourbon;;9;9;24/01/2022;6;9;20,9233;3,9732;0,739;25,6355;230,72
2100001638;Brenne Estate Cask;;1;1;12/11/2021;1;82;29,1354;4,2504;0,8087;34,1945;34,19
1024459;Broken Bones Ljubljana Dragon Gin;;3;3;20/04/2021;3;288;22,79;4,2504;0,6732;27,7136;83,14
1024458;Broken Bones Navy Strength Gin;;3;3;23/12/2021;3;41;28,291;2,64;0;30,931;92,79
1024461;Broken Bones Old Tom Gin;;5;5;12/03/2021;2;327;34,8044;4,2504;0,7176;39,7724;198,86
2100007352;Broken Bones Old Tom Gin;;5;5;24/01/2022;6;9;34,8044;4,2504;0,7176;39,7724;198,86
1024460;Broken Bones Sloe Gin;;6;6;22/12/2021;6;42;30,77;4,2504;0,8636;35,884;215,3
1023685;Brora 1975 20 Year Old Rare Malt (200ml);;10;10;30/06/2021;10;217;13;2,7918;0,1082;15,9;159
1009724;Brora 1977 24 Year Old Rare Malt;;4;4;19/10/2021;1;106;37,42;4,3151;0,6696;42,4047;169,62
1024446;Brora 1981 Douglas Laing 21 Year Old;;4;4;03/01/2022;3;30;37,42;4,3151;0,6696;42,4047;169,62
1022194;Bruichladdich Black Art Edition 04.1 (Tasting Sample);;1;1;20/03/2020;1;684;435,8944;4,2966;0;440,191;440,19
2100006196;Bruichladdich Octomore 1.1;;1;1;20/03/2020;1;684;583,4279;5,969;0;589,3969;589,4
1022195;Bruichladdich Octomore 6.3 (Tasting Sample);;1;1;20/03/2020;1;684;435,8944;5,9875;0;441,8819;441,88
1007264;Bruichladdich The Classic Laddie Scottish Barley;;6;6;16/08/2021;6;170;11,95;3,696;0,29;15,936;95,62
1022838;Buffalo Trace 80 Proof Bourbon;;2;2;25/02/2021;2;342;28,291;3,8808;0;32,1718;64,34
1003447;Bulldog Gin;;5;5;26/10/2021;5;99;37,79;3,9732;0,4837;42,2469;211,23
1004107;Bulleit 10 Year Old Bourbon Whiskey;;1;1;16/10/2020;1;474;789,43;4,4999;0;793,9299;793,93
1023441;Bulleit Straight Bourbon Whiskey (45%);;6;6;23/11/2021;6;71;16;3,696;0,4789;20,1749;121,05
1022563;Bulleit Straight Rye Mash Whiskey;;5;5;22/10/2021;5;103;19;3,8318;1,5119;22,5485;112,74
1022018;Bumbu The Original Rum;;2;2;;;;24,5625;2,97;0;27,5325;55,07
1021565;Bunnahabhain Eirigh Na Greine;;2;2;;;;27,63;3,762;0;31,392;62,78
1005241;Bushmills 10 Year Old Single Malt;;3;3;;;;24,5625;2,838;0;27,4005;82,2
2100005927;Bushmills Black Bush (1L);;3;3;;;;14,2905;2,838;0;17,1285;51,39
2100006198;Cadenhead's Bruichladdich 25 Year Old 1968;;3;3;;;;30,705;2,178;0;32,883;98,65
2100006490;Cambridge Distillery Curator's Gin;;1;1;18/06/2020;1;594;993,379;3,3383;0;996,7173;996,72
1007286;Cambridge Distillery Japanese Gin;;1;1;16/10/2020;1;474;1.578,86;5,1836;0;1.584,04;1.584,04
2100006044;Cambridge Distillery Three Seasons Gin;;1;1;12/03/2021;1;327;729,09;4,95;0;734,04;734,04
1023899;Cambridge Distillery Truffle Gin;;6;6;05/09/2017;6;1611;11,3059;0,2923;0;11,5982;69,59
1023888;Cantarelle Gin De Provence;;1;1;23/06/2021;1;224;882,4702;5,8674;0;888,3376;888,34
1004884;Caol Ila 12 Year Old;;6;6;05/09/2017;6;1611;10,0041;0,3802;0;10,3843;62,31
1021500;Caol Ila Distillers Edition;;80;80;29/06/2021;80;218;24,6314;4,62;0,6688;29,9202;2.393,62
2100006224;Caorunn Small Batch Gin (1L);;15;15;22/12/2021;18;42;9,9879;3,696;0,7506;14,4345;216,52
1012129;Cardenal Mendoza Carta Real;;8;8;01/03/2021;2;338;10;3,696;0,5016;14,1976;113,58
1004263;Cardhu 12 Year Old;;8;8;02/04/2021;6;306;10;3,696;0,5016;14,1976;113,58
1013487;Cardhu 15 Year Old;;1;1;23/11/2021;1;71;18,75;4,2134;0,4789;23,4423;23,44
1011871;Carlos I PX Gran Reserva Brandy de Jerez;;21;21;14/12/2021;21;50;11,325;4,158;0,5673;16,0503;337,06
2100007270;Carlos I. Amontillado;;2;2;28/12/2021;2;36;15,95;4,158;0,3704;20,4784;40,96
1024167;Chapter 7 Monologue 22 Year Old Auchentoshan 1998;;5;5;28/12/2021;5;36;17,35;3,234;0,428;21,012;105,06
1024168;Chapter 7 Monologue 24 Year Old Ledaig 1995;;1;1;16/08/2021;1;170;29;6,1116;0,2837;35,3953;35,4
2100004464;Chapter 7 Monologue 9 Year Old Caol Ila 2011 Scotch Whisky;;13;13;14/12/2021;14;50;13,9997;3,696;0,5146;18,2103;236,73
2100007325;Chapter 7 Monologue Glen Elgin 2007 Scotch Whisky;;1;1;06/10/2021;1;119;12,75;5,28;0,5122;18,5422;18,54
1024439;Chapter 7 Prologue Blended Malt Scotch Whisky;;1;1;23/06/2021;1;224;751,7338;4,62;0;756,3538;756,35
2100007582;Chateau de Montifaud VSOP Cognac;;7;7;04/08/2021;7;182;20,8081;2,64;1,6296;25,0777;175,54
2100007584;Chateau de Montifaud XO Cognac;;278;278;04/08/2021;272;182;28,9116;3,8808;1,6228;34,4152;9.567,43
1007529;Chateau du Breuil Calvados VSOP;;44;44;04/08/2021;44;182;49,7331;3,8808;1,6296;55,2435;2.430,71
1021943;Chichibu 2009 Original Quarter Cask No.388;;50;50;04/08/2021;50;182;41,8743;3,8808;1,6296;47,3847;2.369,24
1021933;Chivas Brothers Cask Strength Edition The Glenlivet 18 Year Old (Tasting sample);;14;14;27/10/2020;14;463;7,7143;3,696;1,7928;13,2031;184,84
1022225;Chivas Regal Mizunara;;2;2;15/12/2021;2;49;28,97;3,9732;0,981;33,9242;67,85
2100007266;Cles Des Ducs XO;;2;2;03/01/2022;1;30;28,97;3,9732;0,981;33,9242;67,85
2100007230;Código 1530 Añejo Tequila;;5;5;28/12/2021;5;36;37,5;3,9732;0,3704;41,8436;209,22
2100007400;Código 1530 Barrel Strength Tequila;;6;6;14/12/2021;6;50;12,62;5,5176;0,5003;18,6379;111,83
2100007295;Código 1530 Blanco Tequila;;1;1;07/12/2021;1;57;37,05;3,696;0,6317;41,3777;41,38
2100007312;Código 1530 Blanco Tequila;;6;6;13/09/2021;1;142;18,9;3,696;0,7872;23,3832;140,3
2100007231;Código 1530 Origen Tequila;;6;6;24/01/2022;6;9;18,9;3,696;0,7872;23,3832;140,3
2100007229;Código 1530 Reposado;;4;4;26/10/2021;4;99;31,49;3,696;0,4837;35,6697;142,68
2100007228;Código 1530 Rosa Tequila;;1;1;23/11/2021;1;71;14,9298;3,7237;0,4851;19,1386;19,14
1004146;Compass Box Hedonism;;1;1;23/11/2021;1;71;17,5;3,7237;0,4789;21,7026;21,7
1006829;Connemara 12 Year Old Peated Whiskey;;1;1;08/12/2020;1;421;88,09;4,7863;2;94,8763;94,88
1006856;Connemara Peated;;1;1;08/12/2020;1;421;93,95;4,7678;23,75;122,4678;122,47
1021935;Convalmore 16 Year Old 1981 First Cask (Tasting sample);;16;16;06/12/2021;16;58;38,77;4,657;0,6145;44,0415;704,66
1022747;Copper & Kings Butchertown Brandy;;18;18;06/12/2021;18;58;49,41;4,8048;0,6145;54,8293;986,93
1024026;Corn Trooper United Craft Bourbon;;97;97;08/03/2021;6;331;13,2775;4,851;0,8388;18,9673;1.839,83
1007443;Cotswolds Dry Gin;;97;97;06/12/2021;91;58;13,2775;4,851;0,8388;18,9673;1.839,83
1021962;Cragganmore 14 Year Old;;6;6;24/01/2022;6;9;16,9;3,696;1,3942;21,9902;131,94
2100005943;Cragganmore 2007 Distillers Edition 2019;;6;6;24/01/2022;6;9;43,5;3,696;1,3942;48,5902;291,54
1007422;Craigellachie 13 Year Old;;6;6;24/01/2022;6;9;10,75;3,696;1,3942;15,8402;95,04
1021530;Crown Royal Northern Harvest Rye;;2;2;05/04/2017;2;1764;55,3976;0,3736;12,14;67,9112;135,82
2100005930;Cubical Premium London Dry Gin;;1;1;31/03/2017;1;1769;8,1864;0,3362;13,4796;22,0022;22
1021527;D'Aincourt Cognac Extra;;2;2;09/03/2021;2;330;34,9;3,696;0,4978;39,0938;78,19
1023369;D'Aincourt Cognac Extra (Wooden Box);;3;3;28/12/2021;3;36;29,9;3,696;0,3704;33,9664;101,9
1021528;D'Aincourt Cognac Premier Cru;;1;1;;;;76,3;3,5112;0;79,8112;79,81
1021526;D'Aincourt Cognac Rare XO;;1;1;;;;93,57;4,0656;0;97,6356;97,64
1021484;Dalwhinnie Winter's Gold;;15;15;15/12/2021;15;49;17,4888;3,5112;0;21;315
2100007340;Davidoff VSOP Cognac (1L);;6;6;15/12/2021;6;49;26,2888;3,5112;0;29,8;178,8
1005418;Deanston 12 Year Old;;1;1;;;;195,3;3,5112;0;198,8112;198,81
1016474;Deanston Virgin Oak;;1;1;;;;40,3;3,5112;0;43,8112;43,81
1021578;Deer, Bear & Moose Arran 1996;;1;1;15/12/2021;11;49;35,6;3,234;0;38,834;38,83
1022240;Deer, Bear & Moose Auchroisk 1998;;7;7;21/04/2021;2;287;40,2026;3,9732;0,5806;44,7564;313,29
1021512;Deer, Bear & Moose Ben Nevis 1997;;7;7;12/11/2021;6;82;40,2026;3,9732;0,5806;44,7564;313,29
1021641;Deer, Bear & Moose Bourbon Lot 1;;12;12;22/07/2020;3;560;32,5915;3,696;0,412;36,6995;440,39
1024404;Deer, Bear & Moose Bruichladdich 2006 (700 ml);;12;12;30/09/2020;4;490;32,5915;3,696;0,412;36,6995;440,39
1021920;Deer, Bear & Moose Bunnahabhain 1989;;12;12;31/05/2021;5;247;32,5915;3,696;0,412;36,6995;440,39
1023101;Deer, Bear & Moose Craigellachie 2006 (700ml);;10;10;23/11/2020;1;436;11,6546;3,696;0,4799;15,8305;158,31
1023202;Deer, Bear & Moose Dalmore 2004 (700ml);;10;10;14/12/2021;9;50;11,6546;3,696;0,4799;15,8305;158,31
1024049;Deer, Bear & Moose Glen Keith 1993 (700 ml);;1;1;31/03/2017;1;1769;17,3128;0,2732;12,14;29,726;29,73
1022167;Deer, Bear & Moose Glentauchers 1996;;61;61;02/04/2020;61;671;25,15;6,138;8,2044;39,4924;2.409,04
2100006968;Deer, Bear & Moose Highland 2000;;43;43;04/03/2021;43;335;23,97;4,9995;7,33;36,2995;1.560,88
1022494;Deer, Bear & Moose Inchgower 1995 (700ml);;2;2;06/09/2021;2;149;18,5;4,2504;0,8004;23,5508;47,1
1023659;Deer, Bear & Moose Inchmurrin 1998 (700ml);;1;1;29/05/2017;1;1710;65;4,389;11,7763;81,1653;81,17
1021579;Deer, Bear & Moose Invergordon 1972;;3;3;31/05/2021;3;247;29,725;3,696;0,4896;33,9106;101,73
1023572;Deer, Bear & Moose Linkwood 1992;;5;5;23/11/2021;5;71;24,4;4,2504;0,4789;29,1293;145,65
2100006205;Deer, Bear & Moose Linkwood 2009;;2;2;03/01/2022;2;30;25,65;5,94;0,7075;32,2975;64,6
1022656;Deer, Bear & Moose Orkney Island 2002 (700ml);;2;2;31/05/2021;2;247;15,1;3,696;0,3277;19,1237;38,25
1021879;Deer, Bear & Moose Speysider 1996;;4;4;13/12/2016;2;1877;273,0125;3,696;11,0375;287,746;1.150,98
1022493;Deer, Bear & Moose Tamdhu 1999;;4;4;21/10/2019;2;835;273,0125;3,696;11,0375;287,746;1.150,98
1023496;Deer, Bear & Moose The Gentlemen;;2;2;21/10/2019;2;835;360;3,696;11,5;375,196;750,39
1021511;Deer, Bear & Moose Tobermory 1995;;2;2;21/10/2019;2;835;800;3,696;11,5;815,196;1.630,39
1007381;Delord Bas Armagnac 25 Year Old;;1;1;21/10/2019;1;835;180;3,696;11,5;195,196;195,2
2100007350;Delpech Fougerat VS Cognac;;3;3;28/12/2021;3;36;22,95;3,9732;0,3704;27,2936;81,88
2100007349;Delpech Fougerat VSOP Cognac;;1;1;14/12/2021;1;50;28,5;5,28;0,5145;34,2945;34,29
2100007323;Delpech Fougerat XO Cognac;;18;18;05/11/2021;18;89;22,2449;4,2781;0,535;27,058;487,04
2100007435;Dictador 10 Year Old Rum;;19;19;28/12/2021;19;36;13;4,2781;0,4065;17,6846;336,01
1007242;Dictador 20 Year Old Solera System Rum;;4;4;06/10/2016;4;1945;41,0624;4,7586;3,309;49,13;196,52
1009605;Dictador Premium Colombian Aged Gin; Ortodoxy;4;4;26/10/2017;4;1560;49,7;4,9342;0,9703;55,6045;222,42
1022441;Dingle Original Gin;;6;6;19/09/2016;6;1962;43,51;4,9342;1,684;50,1282;300,77
2100006102;Dingle Single Malt 2021 Release;;8;8;;;;31,3507;4,3058;0;35,6565;285,25
1024418;Dingle Single Malt Batch No.5;;8;8;10/03/2021;8;329;97,96;6,2568;1,1271;105,3439;842,75
2100006563;Diplomatico Mantuano;;2;2;27/03/2017;2;1773;77,47;4,121;0;81,591;163,18
1023741;Diplomatico N°2 Barbet Rum;;11;11;10/04/2019;11;1029;33,7416;5,4331;1,25;40,4247;444,67
1003518;Diplomático Reserva Exclusiva;;11;11;11/06/2019;11;967;47;5,3038;0;52,3038;575,34
1023453;Domaine Tariquet Bas;Armagnac XO;6;6;08/03/2021;6;331;100,54;5,2576;1,1271;106,9247;641,55
2100006022;Don Papa Baroko Rum;;4;4;05/09/2017;4;1611;38,6161;4,9064;1,4524;44,9749;179,9
1007375;Don Papa Small Batch Rum;;20;20;06/12/2021;20;58;63,44;5,5935;0,6145;69,648;1.392,96
1007209;Dos Maderas PX 5YO + 5YO Rum;;10;10;10/04/2018;10;1394;64,09;4,814;3,9959;72,8999;729
2100006567;Drebbel Small Batch London Gin;;18;18;31/03/2020;18;673;75,96;4,6154;5,6829;86,2583;1.552,65
2100007434;Dutch Head The Bastard Edition;;1;1;19/09/2016;1;1962;82,15;4,5923;1;87,7423;87,74
1022514;Eagle Rare 10 Year Old;;13;13;31/03/2020;13;673;75,96;4,888;5,6829;86,5309;1.124,90
2100006197;Eagle Rare 10 Year Old Single Barrel;;9;9;12/07/2021;9;205;40,96;6,2568;7,1356;54,3524;489,17
1022364;Eagle Rare 17 Year Old Fall 2010 Release (Tasting Sample);;19;19;17/08/2018;19;1265;46,0369;5,4054;3,2653;54,7076;1.039,44
1021965;Edinburgh Festival 15 Year Old;;6;6;13/02/2017;6;1815;36,58;4,62;0;41,2;247,2
1003431;Edinburgh Gin;;9;9;10/04/2018;9;1394;53,85;4,9064;3,9959;62,7523;564,77
1003559;El Dorado 15 Year Old;;12;12;31/03/2020;12;673;86,72;4,6827;6,25;97,6527;1.171,83
1003497;El Dorado 21 Year Old Special Reserve;;4;4;19/09/2016;4;1962;49,19;5,1652;1,684;56,0392;224,16
1018694;El Espolon Tequila Blanco;;5;5;23/12/2021;5;41;37,4205;3,696;0;41,1165;205,58
1006950;El Jimador Reposado Tequila;;87;87;14/12/2021;87;50;12;3,696;0,928;16,624;1.446,29
2100007438;El Libertad 8 Year Old Sherry Spiced Rum;;85;85;14/12/2021;85;50;13,5;3,696;0,928;18,124;1.540,54
2100007436;El Libertad Flavor of Origin Rum;;18;18;14/12/2021;18;50;29;3,696;0,928;33,624;605,23
1007230;Elephant Gin;;11;11;28/12/2021;11;36;15,5;3,696;0,3704;19,5664;215,23
2100006081;Elijah Craig Small Batch Bourbon;;5;5;24/01/2022;5;9;25,5;3,696;0,7872;29,9832;149,92
1022573;Emperor Private Collection Château Pape Clément Finish Rum;;1;1;10/11/2021;1;84;15,35;3,9732;0,4848;19,808;19,81
1024381;Empirical Ayuuk;;50;50;21/07/2021;50;196;14,5;3,927;0,525;18,952;947,6
1024382;Empirical The Plum, I Suppose;;72;72;21/07/2021;72;196;14,5;4,2781;0,525;19,3031;1.389,82
1022935;Etsu Japanese Gin;;213;213;09/11/2021;215;85;14,5;4,2966;1,1054;19,902;4.239,13
2100006562;Euphoria 80 Absinth;;4;4;28/12/2021;4;36;11,95;3,696;0,391;16,037;64,15
1023402;Evan Williams Single Barrel Bourbon Vintage 2003;;1;1;29/12/2021;1;35;36,5;4,653;0,3704;41,5234;41,52
1016210;Evan Williams Single Barrel Bourbon Vintage 2011;;2;2;28/12/2021;8;36;22,85;3,696;0,3704;26,9164;53,83
2100006769;Ezra Brooks Black Label Kentucky Straight Bourbon Whiskey;;6;6;23/12/2021;7;41;37,6485;3,696;0;41,3445;248,07
1019643;Facundo Eximo Rum;;2;2;31/05/2021;2;247;43,25;3,696;0,3277;47,2737;94,55
2100005975;Farthofer Bio;Nackthafer 2016;1;1;28/04/2021;2;280;23,7513;3,696;0,2804;27,7277;27,73
1021700;Faustino V Reserva 1970 Rioja;;1;1;06/09/2021;7;149;23,7513;3,696;0,2804;27,7277;27,73
1022490;Few Delilah's 23rd Anniversary Bottling (Tasting Sample);;9;9;07/12/2021;3;57;19,8467;3,696;0,739;24,2817;218,54
1007483;FEW Straight Bourbon Whiskey;;9;9;24/01/2022;6;9;19,8467;3,696;0,739;24,2817;218,54
1007352;Filliers Dry Gin 28;;5;5;14/09/2021;5;141;11,3333;3,696;0;15,0293;75,15
2100006236;Finca El Cipres Natural Coffee Bag;;6;6;28/12/2021;6;36;16,75;3,696;0,3704;20,8164;124,9
1005226;Finlaggan Cask Strength;;6;6;13/09/2021;1;142;20,9925;4,158;0,6909;25,8414;155,05
2100006891;Finlaggan Old Reserve;;6;6;22/11/2021;6;72;20,9925;4,158;0,6909;25,8414;155,05
2100006890;Finlaggan The Original Peaty;;1;1;23/06/2021;1;224;417,0489;4,158;0;421,2069;421,21
2100007431;Flying Dutchman No. 1;;1;1;21/12/2017;1;1504;63,7232;0,5346;0;64,2578;64,26
1004073;Four Roses Single Barrel Bourbon;;1;1;29/05/2017;1;1710;60;3,696;11,7763;75,4723;75,47
1012575;Frapin VIP XO Cognac;;2;2;16/08/2021;2;170;10,4943;3,9732;0,344;14,8115;29,62
1016996;Frapin VSOP Cognac;;4;4;22/12/2021;4;42;23,7;3,696;0,8636;28,2596;113,04
1022510;Frérot Cognac XO Assemblage de Crus;;11;11;06/10/2021;2;119;49,4307;3,9732;0,8052;54,2091;596,3
1022365;George T. Stagg Kentucky Straight Bourbon Whiskey 2017 Release;;11;11;28/01/2022;9;5;49,4307;3,9732;0,8052;54,2091;596,3
1024535;Gin 1689 Authentic Dutch Dry Gin;;31;31;04/12/2020;31;425;10,6;3,696;0,3634;14,6594;454,44
1024532;Gin 1689 Authentic Dutch Pink Gin;;3;3;13/09/2021;3;142;8,8214;3,5112;0,4705;12,8031;38,41
1007305;Gin Mare Mediterranean Gin;;3;3;28/12/2021;3;36;25,5;3,8623;0,3704;29,7327;89,2
1021669;Gin Sul;;6;6;28/12/2021;6;36;14,4;3,696;0,3704;18,4664;110,8
1024051;Glasgow 1770 The Original Fresh & Fruity Scotch Whisky;;6;6;24/01/2022;6;9;18,8;2,97;0,7872;22,5572;135,34
2100001773;Glen Grant 18 Year Old Rare Edition;;2;2;28/12/2021;2;36;22,5;4,3428;0,3705;27,2133;54,43
1024325;Glen Moray 15 Year Old;;4;4;03/01/2022;4;30;43,97;3,8808;0,7075;48,5583;194,23
1024386;Glen Scotia 11 Year Old Sherry Double Cask Finish;;38;38;22/03/2021;38;317;26,9;2,838;2,442;32,18;1.222,84
2100007426;Glen Scotia Victoriana Single Malt Whisky;;30;30;22/03/2021;30;317;24,61;2,112;2,442;29,164;874,92
1023136;Glencadam 18 Year Old;;51;51;19/02/2021;33;348;5,415;3,9732;0,2016;9,5898;489,08
1006576;Glenfarclas 105;;51;51;31/05/2021;6;247;5,415;3,9732;0,2016;9,5898;489,08
2100007188;Glenfarclas 12 Scotch Whisky (1L);;51;51;02/12/2021;12;62;5,415;3,9732;0,2016;9,5898;489,08
1004844;Glenfarclas 15 Year Old;;9;9;28/12/2021;9;36;9,95;5,28;0,3704;15,6004;140,4
1005392;Glenfiddich 12 Year Old;;5;5;24/01/2022;5;9;24,95;4,0009;0,7872;29,7381;148,69
1024064;Glenfiddich Fire & Cane Experimental Series;;7;7;19/10/2021;3;106;24,655;4,0009;0,463;29,1189;203,83
1021861;Glenfiddich IPA Experiment;;7;7;04/11/2021;4;90;24,655;4,0009;0,463;29,1189;203,83
1010765;Glenfiddich Select Cask;;6;6;19/10/2021;6;106;2,1758;3,696;1,0139;6,8857;41,31
1006590;Glenfiddich Snow Phoenix;;1;1;28/12/2021;1;36;36,9;3,696;0,3704;40,9664;40,97
1007306;Glenglassaugh Evolution;;2;2;12/07/2021;2;205;33,21;2,9436;0;36,1536;72,31
1004401;Glengoyne 10 Year Old;;1;1;27/08/2016;1;1985;20,25;1,2375;32,4057;53,8932;53,89
1024007;Glengoyne Cask Strength Batch 7;;4;4;06/04/2018;4;1398;5,3682;0,297;0;5,6652;22,66
1005420;Glenkinchie 12 Year Old;;6;6;15/04/2021;3;293;36,556;4,2966;0;40,8526;245,12
1024059;Glenmorangie 22 Year Old 1971;;6;6;28/04/2021;6;280;36,556;4,2966;0;40,8526;245,12
1004709;Glenmorangie Lasanta 12 Year Old;;10;10;22/11/2021;5;72;10,2288;3,036;0,7504;14,0152;140,15
1006082;Glenmorangie Nectar D'Or;;10;10;24/01/2022;6;9;10,2288;3,036;0,7504;14,0152;140,15
1023272;Glenmorangie Quinta Ruban 14 Year Old;;182;182;01/09/2021;182;154;0;0;0;0;0
1021646;Glenmorangie The Duthac;;5;5;16/08/2021;5;170;16,95;5,3592;0,203;22,5122;112,56
2100007264;Glenmorangie The Elementa 14 Year Old (1L);;1;1;06/10/2021;1;119;10,75;3,696;0,5122;14,9582;14,96
1017025;Glenmorangie The Original 10 Year Old;;7;7;14/12/2021;7;50;9,7;3,696;0,5145;13,9105;97,37
1022299;Gölles Elderberry Brandy;;9;9;28/12/2021;9;36;8,1;3,696;0,3704;12,1664;109,5
1022461;Gordon & MacPhail Glen Grant 1990;;6;6;02/04/2021;1;306;19,95;4,62;1,3942;25,9642;155,79
1003566;Goslings Black Seal Rum 151;;6;6;24/01/2022;7;9;19,95;4,62;1,3942;25,9642;155,79
1003540;Goslings Family Reserve Old Rum;;1;1;24/01/2022;1;9;89;3,696;1,3942;94,0902;94,09
1007225;Gran Duque De Alba XO;;6;6;24/01/2022;6;9;25,95;3,696;1,3942;31,0402;186,24
1016258;Grand Marnier Cordon Rouge;;1;1;08/05/2018;1;1366;30,5;4,158;1,246;35,904;35,9
1022399;Green Spot Château Léoville Barton;;1;1;23/10/2018;1;1198;406,4005;6,3954;0;412,7959;412,8
1006865;Green Spot Single Pot Still;;8;8;06/12/2021;10;58;12,5342;3,8808;0,8398;17,2548;138,04
2100007424;Greign 20 Year Old;;44;44;06/12/2021;44;58;12,0492;3,5574;0,9063;16,5129;726,57
2100007405;Gunroom 4 Ports Rum;;5;5;26/10/2021;5;99;17,2368;3,6167;0,4359;21,2894;106,45
1022226;Habitation Velier Forsyths WP 502;;4;4;28/07/2020;4;554;25,327;2,838;0;28,165;112,66
1021538;Hammerle Vom ganz Gutem Enzian Reserve;;5;5;15/12/2021;5;49;31,0873;3,036;0,8379;34,9612;174,81
2100005931;Hanami Dry Gin;;3;3;28/12/2021;3;36;48,45;5,676;0,3704;54,4964;163,49
1023276;Hardy Cognac XO Rare Cognac Fine Champagne;;4;4;24/01/2022;4;9;19,99;3,696;0,7872;24,4732;97,89
2100007583;Hardy VSOP Fine Champagne;;2;2;19/02/2021;2;348;34,95;4,9988;0,4894;40,4382;80,88
1003531;Havana Club Selección De Maestros Rum;;3;3;28/12/2021;3;36;37,5;4,7586;0,3704;42,629;127,89
1023294;Heaven's Door Straight Rye Whiskey;;6;6;23/12/2021;6;41;77,805;4,2504;0;82,0554;492,33
2100007351;Hector Legrand Extra Brandy 15 Year Old;;6;6;03/01/2022;2;30;29,6506;5,544;0,9504;36,145;216,87
2100006767;Hellyers Road Original Roaring Forty Single Malt Whisky;;6;6;24/01/2022;6;9;29,6506;5,544;0,9504;36,145;216,87
1023128;Hendrick's Midsummer Solstice Gin;;3;3;10/11/2021;3;84;22,5;5,676;0,4848;28,6608;85,98
1014026;Hennessy VSOP Cognac;;5;5;28/12/2021;5;36;30,5831;4,2504;0,4227;35,2562;176,28
1023415;Hercules Mulligan Rum & Rye;;30;30;23/11/2021;13;71;17,6;3,696;0,4967;21,7927;653,78
1018886;Herencia de Plata Tequila Reposado;;30;30;14/12/2021;18;50;17,6;3,696;0,4967;21,7927;653,78
1021944;Hibiki 17 Year Old Kacho Fugetsu (Tasting sample);;2;2;06/10/2021;2;119;24,3;3,9732;0,5244;28,7976;57,6
1021754;Hibiki 21 Year Old;;1;1;03/01/2022;1;30;27,82;3,9732;0,7075;32,5007;32,5
1012722;High West American Prairie Straight Bourbon Whiskey;;3;3;28/12/2021;3;36;21,5;5,28;0,3704;27,1504;81,45
2100000032;High West Double Rye!;;1;1;13/02/2020;1;720;570,7858;4,3982;0;575,184;575,18
2100006132;High West Rendezvous Rye;;3;3;06/09/2021;3;149;23,1;4,62;0,7529;28,4729;85,42
2100006874;Highland Park 14 Year Old Loyalty of The Wolf (1L);;3;3;28/12/2021;3;36;20,6;3,696;0,3704;24,6664;74
1007762;Highland Park 24 Year Old 1989 Càrn Mòr;;3;3;13/11/2020;4;446;33,6388;5,4424;0,1415;39,2227;117,67
1024448;Highland Park 30 Year Old Scotch Whisky;;9;9;22/11/2021;9;72;20,5539;3,9732;0,7086;25,2357;227,12
2100006030;Highland Park Dragon Legend;;1;1;16/10/2020;1;474;901,32;3,9732;0;905,2932;905,29
2100006561;Highland Park Spirit Of The Bear (1L);;8;8;23/11/2021;2;71;26,75;3,9732;0,4967;31,2199;249,76
1024552;Highland Park Viking Honour 12 Year Old Scotch Whisky;;8;8;14/12/2021;6;50;26,75;3,9732;0,4967;31,2199;249,76
2100006029;Highland Park Viking Scars 10 Years Old;;1;1;14/12/2021;1;50;32,95;4,2504;0,5003;37,7007;37,7
2100006875;Himbrimi Winterbird London Dry Gin;;9;9;23/11/2021;4;71;32,455;4,2504;0,5015;37,2069;334,86
1022244;Hudson Baby Bourbon Whiskey;;9;9;02/12/2021;5;62;32,455;4,2504;0,5015;37,2069;334,86
1023416;Hyde #8 Stout Cask Finished Whiskey;;5;5;03/01/2022;5;30;40,73;5,676;0,7075;47,1135;235,57
1022488;Ichiro's Malt Chichibu 2010 Chibidaru (Tasting Sample);;5;5;23/11/2021;5;71;41,75;5,676;0,4789;47,9049;239,52
1022487;Ichiro's Malt Chichibu IPA Cask Finish 2017 Release (Tasting Sample);;7;7;14/12/2021;1;50;19,65;3,696;0,4065;23,7525;166,27
2100005961;Ichiro's Malt Chichibu The First Ten 2020;;7;7;28/12/2021;6;36;19,65;3,696;0,4065;23,7525;166,27
1022176;Ichiro's Malt Mizunara Wood Reserve (Tasting sample);;2;2;09/11/2017;2;1546;78,66;3,9732;0;82,6332;165,27
1022372;Ichiro's Malt Wine Wood Reserve (Tasting Sample);;1;1;28/03/2018;1;1407;153,5521;3,696;0;157,2481;157,25
1022491;Inicio Tequila Blanco;;10;10;03/01/2022;10;30;11,3333;6,9762;0,6725;18,982;189,82
2100007419;Isle of Jura 19 Year Old The Paps;;6;6;03/01/2022;6;30;32,86;3,696;0,7075;37,2635;223,58
2100007423;Isle of Jura Red Wine Cask Finish;;3;3;24/01/2022;3;9;26,5;3,696;1,3942;31,5902;94,77
2100007422;Isle Of Jura Winter Edition;;24;24;14/12/2021;6;50;10,8;3,696;0,4334;14,9294;358,31
1021737;Jack Daniel's Guitar Pack Special Edition;;24;24;28/12/2021;18;36;10,8;3,696;0,4334;14,9294;358,31
1016141;Jack Ryan Beggars Bush 12 Year Old Single Malt Irish Whiskey;;2;2;29/09/2021;2;126;35,1751;4,2504;0,4391;39,8646;79,73
1007184;Jacopo Poli Luce della Vite Grappa;;11;11;24/01/2022;5;9;24,4;3,696;1,0907;29,1867;321,05
1022768;James E. Pepper 1776 7 Year Old Bourbon Whiskey;;11;11;24/01/2022;6;9;24,4;3,696;1,0907;29,1867;321,05
1024110;James E. Pepper 1776 92 Proof Bourbon Whiskey;;3;3;28/12/2021;3;36;17,65;3,696;0,3704;21,7164;65,15
1024397;James E. Pepper 1776 92 Proof Rye Whiskey;;6;6;22/12/2021;6;42;9,5;3,696;0,8636;14,0596;84,36
1003937;Jameson 18 Year Old Triple Distilled;;2;2;15/07/2020;2;567;29,8965;5,2668;0;35,1633;70,33
1021812;Jameson Black Barrel;;2;2;07/07/2016;2;2036;38,598;2,97;0;41,568;83,14
1022432;Jameson Caskmates IPA Edition;;1;1;30/06/2021;1;217;10,5;3,9732;0,0468;14,52;14,52
1022165;Jameson Caskmates Stout Edition (700ml);;6;6;24/01/2022;6;9;45,95;3,696;1,3942;51,0402;306,24
1024523;Jameson Crested Triple Distilled;;6;6;24/01/2022;6;9;15,5;3,696;1,3942;20,5902;123,54
1021806;Jefferson's Very Small Batch Bourbon;;1;1;28/12/2021;1;36;25,5;4,158;0,3704;30,0284;30,03
1007394;Jinzu Gin;;9;9;28/12/2021;9;36;37,5;3,9732;0,3704;41,8436;376,59
2100006763;Joe Got A Gun Batch No.1 Tennessee Whiskey;;68;68;14/12/2021;68;50;8;3,696;0,928;12,624;858,43
2100007077;John B. Stetson Straight Bourbon Whisky;;2;2;26/10/2021;2;99;29,8218;3,696;0,13;33,6478;67,3
1022357;John E. Fitzgerald Larceny Small Batch Bourbon;;3;3;02/12/2021;3;62;22,34;4,0102;0,5241;26,8743;80,62
1024058;John Scott's 35 Year Old Superior Blended Scotch;;1;1;28/01/2022;1;5;29,92;3,696;0;33,616;33,62
2100006035;Johnnie Walker A Song of Ice;;577;577;13/01/2022;578;20;20,9871;4,257;1,8517;27,0958;15.634,28
1003952;Johnnie Walker Blue Label;;6;6;06/10/2021;3;119;22,3917;3,696;0;26,0877;156,53
1022701;Johnnie Walker The White Walker Edition;;6;6;23/12/2021;3;41;22,3917;3,696;0;26,0877;156,53
1022261;Journeyman Corsets, Whips & Whiskey (500ml);;2;2;05/04/2017;2;1764;15,5809;0,2554;12,14;27,9763;55,95
1022771;Jura Seven Wood;;1;1;15/02/2019;1;1083;663,6907;3,9732;0;667,6639;667,66
1022814;Kabumm Vodka by Sido;;3;3;19/04/2021;3;289;25,9;4,2504;0,543;30,6934;92,08
2100006096;KAH Tequila Añejo;;1;1;05/11/2021;1;89;26,002;4,5458;0,5331;31,0809;31,08
2100006580;KAH Tequila Blanco (Skull Bottle);;6;6;24/01/2022;6;9;46,25;4,2504;1,3942;51,8946;311,37
2100006565;Kah Tequila Blanco Brick;;3;3;06/10/2021;3;119;34,5;5,5836;0,5122;40,5958;121,79
1007478;KAH Tequila Reposado;;1;1;12/03/2021;1;327;478,28;4,5646;0;482,8446;482,84
1023034;Kaiyo Japanese Mizunara Oak;;1;1;12/03/2021;1;327;729,09;4,4444;0;733,5344;733,53
1022473;Kaiyo Mizunara Aged Cask Strength Japanese Malt Whisky;;3;3;14/12/2021;3;50;27,95;3,9824;0,5145;32,4469;97,34
1023014;Kaiyo Peated Japanese Mizunara Oak Whisky;;1;1;16/08/2021;1;170;23,5;5,28;0,2837;29,0637;29,06
1023605;Kalak Peat Cask Irish Single Malt Vodka;;3;3;27/01/2022;3;6;18,6352;3,696;0,3965;22,7277;68,18
1024053;Karuizawa Hanshin Tigers Champions 2003;;5;5;16/08/2021;5;170;20,95;3,696;0,2837;24,9297;124,65
1007490;Kavalan Classic Single Malt Whisky;;16;16;06/10/2021;16;119;13;2,64;0,5122;16,1522;258,44
1023079;Kavalan Classic Single Malt Whisky (Tasting Sample);;8;8;22/11/2021;11;72;21,7139;2,1252;0,7065;24,5456;196,36
1007398;Kavalan Concertmaster Port Cask Finish;;8;8;02/12/2021;5;62;14,6;3,9732;0,5929;19,1661;153,33
1022356;Kilbeggan Single Grain Irish Whiskey;;8;8;03/01/2022;3;30;14,6;3,9732;0,5929;19,1661;153,33
1024175;Kilbeggan Single Pot Still Irish Whiskey;;6;6;07/05/2018;6;1367;27,2379;0,3177;0;27,5556;165,33
1007276;Kilchoman Machir Bay;;6;6;06/04/2018;6;1398;13,3018;0,3415;0;13,6433;81,86
1021564;Kilchoman Sanaig;;1;1;23/06/2021;1;224;1.078,57;4,6662;0;1.083,24;1.083,24
1017618;King of Soho Gin;;2;2;21/12/2017;2;1504;9,2799;0,2733;0;9,5532;19,11
1022097;Kinobi Kyoto Craft Gin;;2;2;22/12/2017;2;1503;9,3336;0,2732;0;9,6068;19,21
1024531;KISS Black Diamond Premium Dark Rum;;10;10;19/10/2021;1;106;42,521;3,696;0,6371;46,8541;468,54
1009551;Knappogue Castle 12 Year Old;;10;10;02/12/2021;4;62;42,521;3,696;0,6371;46,8541;468,54
1005635;Knockando 12 Year Old;;10;10;03/01/2022;5;30;42,521;3,696;0,6371;46,8541;468,54
2100007579;Koval Rye Whiskey;;3;3;28/12/2021;3;36;40,95;4,2134;0,3704;45,5338;136,6
1021541;Koval Single Barrel Bourbon Whiskey;;2;2;28/12/2021;2;36;21;3,696;0,3704;25,0664;50,13
1021796;Koval Single Barrel Four Grain Whiskey;;5;5;28/12/2021;5;36;19,5;3,696;0,3704;23,5664;117,83
1023118;Kraken Black Spiced Rum Limited Edition Decanter;;1;1;26/09/2016;1;1955;48,08;3,696;14,8846;66,6606;66,66
1022922;Kura Pure Malt Whisky Rum Cask Finish;;1;1;15/07/2020;1;567;33,231;4,2504;0;37,4814;37,48
2100007651;Kura The Whisky Pure Malt;;2;2;07/09/2021;2;148;31,8039;2,64;0,5738;35,0177;70,04
1022388;Kurayoshi 12 Year Old Pure Malt Whisky;;3;3;03/01/2022;3;30;20,49;4,2504;0,7075;25,4479;76,34
1003260;La Clandestine Absinthe;;1;1;02/12/2021;1;62;20,49;4,2504;0,8635;25,6039;25,6
1023363;Lagavulin 11 Year Old Nick Offerman 2019 Edition;;7;7;24/02/2021;1;343;19,1757;4,2504;1,449;24,8751;174,13
2100007421;Lagavulin 12 Year Old Special Release 2020;;7;7;24/01/2022;6;9;19,1757;4,2504;1,449;24,8751;174,13
1014390;Lagavulin 1980 Pedro Ximénez Cask Finish Distillers Edition;;1;1;24/01/2022;1;9;75;3,696;1,3942;80,0902;80,09
1007399;Laphroaig Select;;5;5;26/10/2021;5;99;17,1838;3,696;0,5081;21,3879;106,94
1022674;Larga Vida XO Rum 2018 Edition;;6;6;23/11/2021;6;71;14,95;5,28;0,4789;20,7089;124,25
1023257;Larga Vida XO Rum 2019 Edition;;6;6;24/01/2022;6;9;15,5;3,696;1,3942;20,5902;123,54
2100007604;Larios 1866 Gran Reserva;;9;9;07/12/2021;10;57;12,9;3,696;0,5873;17,1833;154,65
1022401;Le Pertuis Pure Malt Whisky;;1;1;12/07/2021;1;205;25,6425;3,8046;0;29,4471;29,45
1024124;Le Tribute Gin;;5;5;31/05/2021;5;247;20,5;3,8161;0,3277;24,6438;123,22
1022965;Legent Bourbon;;3;3;28/10/2021;3;97;15,49;3,696;0;19,186;57,56
2100007580;Lepanto O.V. Brandy;;9;9;02/12/2021;9;62;12,06;3,8808;0,5241;16,4649;148,18
1023985;Lind & Lime Gin;;1;1;31/03/2021;1;308;20,2;4,2504;0,6937;25,1441;25,14
1005760;Linkwood 12 Year Old Flora and Fauna;;1;1;16/10/2020;1;474;839,16;3,9732;0;843,1332;843,13
2100007416;Loch Lomond Single Grain;;1;1;31/05/2021;1;247;19,9;5,3064;0,3277;25,5341;25,53
2100007417;Loch Lomond Single Malt;;3;3;03/08/2021;3;183;123,71;3,696;1,3725;128,7785;386,34
1017043;Louis Royer XO Cognac;;1;1;12/11/2021;1;82;15,53;3,8531;0,4357;19,8188;19,82
2100006867;Lyre's American Malt;;5;5;12/07/2021;5;205;40,3299;3,9213;0;44,2512;221,26
2100006764;Mackmyra Björksav Swedish Single Malt Whisky;;10;10;12/11/2021;4;82;34,1944;3,8808;0,652;38,7272;387,27
1023318;Madre Mezcal;;10;10;03/01/2022;6;30;34,1944;3,8808;0,652;38,7272;387,27
1023414;Madre Mezcal (200ml);;3;3;23/12/2021;3;41;49,742;3,696;0;53,438;160,31
2100006579;Mai Tai Nio Cocktail;;10;10;01/09/2021;10;154;35;3,696;0,5027;39,1987;391,99
1004125;Maker's Mark Kentucky Straight Bourbon;;10;10;03/01/2022;10;30;0;3,696;0,6725;4,3685;43,69
1023745;Malfy Gin con Arancia;;7;7;01/09/2021;7;154;28,3333;3,696;0,5027;32,532;227,72
1022135;Malfy Gin Con Limone;;3;3;01/09/2021;3;154;31,6666;3,696;0,5027;35,8653;107,6
1022760;Marquis De Montesquiou 1972 Armagnac;;9;9;23/12/2021;9;41;38,1556;3,9732;0;42,1288;379,16
1022943;Mars Maltage Cosmo;;10;10;15/04/2021;4;293;46,474;4,8972;0;51,3712;513,71
1021853;Martell Cordon Bleu Cognac;;10;10;28/04/2021;6;280;46,474;4,8972;0;51,3712;513,71
1023917;Martell VSOP Red Barrel;;1;1;28/04/2021;1;280;46,474;4,2504;0;50,7244;50,72
2100006669;Matsui Gin The Hakuto;;2;2;28/06/2021;2;219;19,92;3,696;0,7658;24,3818;48,76
1003622;Matusalem 10 Year Old Clásico;;1;1;16/10/2020;1;474;871,48;3,696;0;875,176;875,18
1003541;Matusalem Gran Reserva 15;;12;12;23/11/2020;6;436;30,5053;3,6949;0,8941;35,0943;421,13
1024151;Menard VSOP Cognac;;12;12;24/01/2022;6;9;30,5053;3,6949;0,8941;35,0943;421,13
1021507;Merlet VS Cognac;;5;5;09/04/2019;5;1030;2,7659;0,2376;0;3,0035;15,02
2100007190;Meukow VSOP Red Limited Edition Cognac;;8;8;05/11/2021;8;89;31,878;3,696;0,5044;36,0784;288,63
1023856;Mezcal Vago Elote;;6;6;22/12/2021;6;42;5,55;3,9732;0,8636;10,3868;62,32
1007454;Michter's US*1 Small Batch Bourbon Whiskey;;3;3;28/12/2021;3;36;17,75;3,9732;0,399;22,1222;66,37
1023872;Milk & Honey Roots;;3;3;01/06/2021;3;246;21,99;4,2504;0,6621;26,9025;80,71
1022964;Minor Case Rye;;8;8;24/01/2022;8;9;26,2;4,2504;0,7372;31,1876;249,5
1024224;MOKO Panama Rum 15 Year Old;;6;6;31/05/2021;6;247;13,95;3,8808;0,3277;18,1585;108,95
1023019;MOKO Panama Rum 20 Year Old;;5;5;22/11/2021;5;72;26,99;4,2227;0,7164;31,9291;159,65
1000042;Monkey 47 Schwarzwald Dry Gin;;1;1;28/12/2021;1;36;19,7;2,64;0,3704;22,7104;22,71
2100006967;Montenegro Amaro Italiano Bitter;;6;6;24/01/2022;6;9;22,6;3,9732;1,3942;27,9674;167,8
1023389;"Mortlach 12 Year Old ""The Wee Witchie""";;6;6;22/11/2021;6;72;18,8;3,9732;0,7255;23,4987;140,99
2100007429;Motörhead Premium Dark Rum;;6;6;24/01/2022;6;9;21,1;2,64;1,3942;25,1342;150,81
1023820;Mount Gay XO Triple Cask Blend;;16;16;03/01/2022;11;30;21,95;3,102;0,8013;25,8533;413,65
1023941;Mr. Black Cold Brew Coffee Liqueur;;16;16;28/01/2022;6;5;21,95;3,102;0,8013;25,8533;413,65
2100005957;Murray McDavid Mission 21 Year Old Rosebank 1990;;7;7;15/12/2021;7;49;23,39;3,102;1,3913;27,8833;195,18
2100005955;Murray McDavid Mission Islay Trilogy 1969;;1;1;18/04/2019;1;1021;45,25;3,696;0;48,946;48,95
1023167;nginious! Vermouth Cask Finish;;7;7;02/12/2021;4;62;49,6025;3,696;0,5892;53,8877;377,21
1022936;Nikka Coffey Gin;;7;7;03/01/2022;3;30;49,6025;3,696;0,5892;53,8877;377,21
1022309;Nikka Coffey Malt Whisky;;6;6;28/01/2022;6;5;38,32;3,696;0,9577;42,9737;257,84
1022921;Nikka Days Blended Whisky;;14;14;12/11/2021;2;82;59,4502;3,9732;0,8041;64,2275;899,19
1007434;Nikka Miyagikyo Single Malt Japanese Whisky;;14;14;03/01/2022;6;30;59,4502;3,9732;0,8041;64,2275;899,19
2100006025;Nikka Tailored Premium Blended Whisky;;14;14;28/01/2022;6;5;59,4502;3,9732;0,8041;64,2275;899,19
1011405;Nikka Taketsuru Pure Malt (700ml);;5;5;23/12/2021;5;41;32,5565;4,8972;0;37,4537;187,27
1018127;Nordés Atlantic Galician Gin;;1;1;22/04/2020;1;651;161,1685;4,2504;0;165,4189;165,42
1007423;Nusbaumer Poire Williams;;3;3;28/12/2021;3;36;93;5,2114;0,3704;98,5818;295,75
2100006866;O'live Gin The Innocent;;1;1;16/10/2020;1;474;621,6;3,9732;0;625,5732;625,57
2100007428;O'live Rum;;10;10;24/01/2022;12;9;16,49;3,696;0,7898;20,9758;209,76
1004892;Oban 14 Year Old;;40;40;19/10/2018;40;1202;23,88;0;9,9684;33,8484;1.353,94
1014977;Ocho Blanco Tequila;;117;117;31/08/2020;125;520;34,8564;3,96;21,0929;59,9093;7.009,39
1019353;Ocho Reposado Tequila;;6;6;24/01/2022;6;9;23,25;3,696;1,3942;28,3402;170,04
2100007439;Old Dan Tucker Kentucky Bourbon Whiskey;;123;123;16/03/2021;124;323;13,018;4,2174;1,0411;18,2765;2.248,01
1020048;Old Monk Supreme Rum;;4;4;22/11/2021;4;72;19,99;3,9732;0,7255;24,6887;98,75
1005278;Old Pulteney 12 Year Old;;2;2;14/12/2021;2;50;29,4;4,3428;0,5071;34,2499;68,5
1022145;Old Rip Van Winkle 10 Year Old 107 Proof (Tasting sample);;6;6;24/01/2022;6;9;17,4;3,3264;1,3942;22,1206;132,72
2100006050;One Sage & Apple Gin;;7;7;01/03/2021;1;338;18,7;4,0656;0,6373;23,4029;163,82
2100006049;One Sage Gin;;7;7;01/06/2021;6;246;18,7;4,0656;0,6373;23,4029;163,82
1021473;Opihr Oriental Spiced London Dry Gin;;3;3;28/12/2021;3;36;36,95;3,9732;0,3704;41,2936;123,88
2100007448;Our/Amsterdam Vodka;;12;12;28/12/2021;12;36;9,95;4,2504;0,3704;14,5708;174,85
2100007447;Our/Berlin Vodka;;6;6;28/12/2021;6;36;12,4;3,696;0,3704;16,4664;98,8
1024231;Our/Vodka Berlin, Amsterdam, London;;19;19;14/01/2021;19;384;72;3,696;0,6364;76,3324;1.450,32
1008314;Pappy Van Winkle's Family Reserve Bourbon 15 Year Old;;6;6;24/01/2022;6;9;15,7;0;1,3942;17,0942;102,57
1021624;Pappy Van Winkle's Family Reserve Bourbon 20 Year Old (Tasting sample);;5;5;05/11/2021;5;89;39,1832;4,2596;0,0023;43,4451;217,23
1021873;Park Cigar Blend XO Vieille Fine Champagne Cognac;;25;25;08/12/2020;26;421;21,5357;4,1618;2,1798;27,8773;696,93
1022233;Parker's Heritage Collection 24 Year Old Bourbon Whiskey (Tasting Sample);;9;9;08/12/2020;9;421;9,05;1,188;2,1906;12,4286;111,86
2100007158;Parson Classy Premium Gin;;159;159;01/09/2021;159;154;0;0,3366;0,5027;0,8393;133,45
2100007157;Parson Cosy Premium Gin;;2;2;19/10/2021;2;106;10,7582;4,158;0,4761;15,3923;30,78
2100007155;Parson Sunny Premium Gin;;2;2;30/06/2021;2;217;12,25;3,7884;0,1092;16,1476;32,3
1014615;Pastis 51 Anisée (1L);;8;8;19/04/2021;2;289;12,0625;3,7884;0,5059;16,3568;130,85
1007414;Patron XO Coffee Liqueur;;8;8;23/11/2021;6;71;12,0625;3,7884;0,5059;16,3568;130,85
1023268;Paul John Classic Select Cask;;1;1;23/10/2018;1;1198;139,77;3,9732;0;143,7432;143,74
1011820;Paul John Edited;;5;5;31/05/2021;5;247;32;3,9732;0,3462;36,3194;181,6
1013621;Paul John Peated Select Cask;;2;2;14/12/2021;2;50;93,95;3,696;0,5145;98,1605;196,32
1007431;Peat's Beast Cask Strength;;3;3;24/01/2022;3;9;24,76;3,696;1,2328;29,6888;89,07
1006669;Peat's Beast Single Malt Whisky;;2;2;07/09/2021;2;148;28,2;4,3428;0,6154;33,1582;66,32
1024225;Perfectomundo Tequila Blanco;;4;4;28/12/2021;4;36;8,99;3,696;0,3704;13,0564;52,23
1022790;Pikesville 110 Proof Straight Rye Whiskey;;21;21;07/12/2021;6;57;13,1;3,696;0,7389;17,5349;368,23
2100007347;Planat Overproof;;21;21;22/12/2021;6;42;13,1;3,696;0,7389;17,5349;368,23
2100007267;Plantation Gran Anejo Guatemala and Belize Rum;;21;21;24/01/2022;12;9;13,1;3,696;0,7389;17,5349;368,23
2100007398;Plantation Stiggins' Fancy Pineapple Rum;;3;3;28/12/2021;5;36;14,5;3,696;0,4341;18,6301;55,89
1023875;Port Ellen 21 Year Old 1980 Silver Seal (Sestante Collection);;4;4;03/01/2022;4;30;20,78;3,696;0,6446;25,1206;100,48
1023798;Port Ellen 27 Year Old 1978; 6th Release;5;5;10/11/2021;2;84;22;3,696;0,4819;26,1779;130,89
2100007192;Poseidon Dry Gin;;5;5;23/11/2021;3;71;22;3,696;0,4819;26,1779;130,89
2100007585;Powers Irish Whiskey;;64;64;08/07/2020;68;574;31,72;5,0688;0,7829;37,5717;2.404,59
1022688;Proper No. Twelve Irish Whiskey;;2;2;07/12/2021;2;57;30,1256;4,2227;0,4842;34,8325;69,67
1023835;Puntacana XOX 50 Aniversario Rum;;6;6;19/11/2020;1;440;19,551;3,234;0;22,785;136,71
1023064;Pusser's 15 Year Old The Crown Jewel;;6;6;28/04/2021;6;280;19,551;3,234;0;22,785;136,71
2100007427;Pusser's Navy Rum Original Admiralty Rum;;6;6;24/01/2022;6;9;21,5;4,158;1,3942;27,0522;162,31
1003573;Pyrat XO Reserve Rum;;1;1;02/07/2021;1;215;42,5695;3,8808;0;46,4503;46,45
1022459;Queen of the South 8 Year Old;;6;6;28/06/2021;2;219;43,9074;3,8808;0,863;48,6512;291,91
1022603;Rampur Vintage Select Casks;;6;6;03/01/2022;4;30;43,9074;3,8808;0,863;48,6512;291,91
1012404;Rare Malts Rosebank 22 Year Old 1981;;8;8;26/10/2021;2;99;22,1347;3,102;0,6311;25,8678;206,94
1023726;Rebel 100 Proof Straight Bourbon Whiskey;;8;8;22/11/2021;6;72;22,1347;3,102;0,6311;25,8678;206,94
2100004945;Rebel 100 Proof Straight Bourbon Whiskey;;2;2;02/12/2021;2;62;7,52;2,1252;0,5241;10,1693;20,34
1013856;Rebel Kentucky Straight Bourbon Whiskey;;1;1;28/12/2021;1;36;31,6;4,0102;0,3704;35,9806;35,98
2100006865;Red Eye Louie's Rumquila;;4;4;28/12/2021;4;36;16,4;3,696;0,3704;20,4664;81,87
1006864;Redbreast 12 Year Old;;125;125;28/04/2021;125;280;26,9088;3,9732;0,1278;31,0098;3.876,23
1006866;Redbreast 15 Year Old;;204;204;10/05/2021;1;268;15;2,1252;0,4902;17,6154;3.593,54
1022468;Redbreast 21 Year Old (Tasting Sample);;204;204;01/02/2022;204;1;15;2,1252;0,4902;17,6154;3.593,54
1021841;Redbreast Lustau Edition;;1;1;23/06/2021;1;224;947,8383;5,045;0;952,8833;952,88
1007339;Reisetbauer Blue Gin;;1;1;23/06/2021;1;224;1.226,31;3,7237;0;1.230,03;1.230,03
1022293;Reisetbauer Carrot Brandy;;1;1;26/03/2021;1;313;58,4345;2,838;0;61,2725;61,27
2100007191;Remy Martin End Of The Year Edition VSOP Cognac;;4;4;28/12/2021;4;36;21,5;4,3428;0,3704;26,2132;104,85
2100006964;Riserva Carlo Alberto Amaro Mandragola;;1;1;;;;32,0643;4,158;0,5248;36,7471;36,75
1004207;Rittenhouse 100 Proof Straight Rye Whisky;;4;4;14/12/2021;4;50;19,75;3,696;0,5145;23,9605;95,84
1022027;Roe & Co Blended Irish Whiskey;;4;4;22/11/2021;4;72;46,9;4,158;0,7255;51,7835;207,13
1003552;Ron Abuelo 12 Year Old Rum;;3;3;31/05/2021;3;247;70,5;3,9732;0,3277;74,8009;224,4
2100006020;Ron Abuelo 12 Year Old Two Oaks;;5;5;06/10/2021;5;119;34;3,9732;0,5122;38,4854;192,43
1003665;Ron Barceló Imperial;;15;15;22/12/2021;16;42;13,25;3,696;0,8636;17,8096;267,14
2100007432;Ron Barcelo Imperial Premium Blend 30 Aniversario;;3;3;17/12/2020;3;412;22,5435;3,9732;0;26,5167;79,55
1023090;Ron Botran 15 Year Old Reserva;;1;1;06/10/2021;1;119;18,75;0;0,5122;19,2622;19,26
1018303;Ron Botran 18 Year Old Solera 1893;;3;3;28/12/2021;3;36;15,9;2,706;0,3704;18,9764;56,93
2100007433;Ron Centenario 12 Year Old Gran Legado;;7;7;10/11/2021;1;84;33,1;3,9732;0,4819;37,5551;262,89
1020426;Ron Centenario 25 Years Gran Reserva;;7;7;23/11/2021;6;71;33,1;3,9732;0,4819;37,5551;262,89
1022123;Ron Centenario 30 Year Old Edicion Limitada;;1;1;14/09/2021;1;141;11,8211;2,64;0,6308;15,0919;15,09
2100006671;Ron Centenario Conmemorativo 9 Años Rum;;1;1;30/06/2021;1;217;15,35;2,64;0;17,99;17,99
1023763;Ron Colón Salvadoreño Coffee Infused Rum;;36;36;03/01/2022;36;30;10,8333;3,696;0,6725;15,2018;547,26
1023975;Ron Colón Salvadoreño Coffee Infused Rum Green Label;;18;18;26/01/2022;1;7;14,03;3,9547;0,9438;18,9285;340,71
1023762;Ron Colón Salvadoreño Dark Aged Rum;;18;18;28/01/2022;17;5;14,03;3,9547;0,9438;18,9285;340,71
2100006234;Ron Colón Salvadoreño RumRye;;5;5;26/10/2021;6;99;16,0008;3,696;0,4466;20,1434;100,72
1003624;Ron de Jeremy;;1;1;21/12/2017;1;1504;25,3566;0,3178;0;25,6744;25,67
1022683;Ron de Jeremy Holy Wood 18 Year Old Bourbon Cask;;12;12;24/01/2022;12;9;18,4;3,9732;0,7872;23,1604;277,92
1022685;Ron de Jeremy Holy Wood 20 Year Old Malt Whisky Barrel;;12;12;24/01/2022;12;9;18,4;3,9732;0,7872;23,1604;277,92
2100006672;Ron Esclavo Gran Reserva Ron Dominicana;;5;5;30/06/2021;5;217;11,45;3,927;0,1143;15,4913;77,46
2100006801;Ron Malteco 10 Year Old Rum;;24;24;03/01/2022;24;30;2,6666;1,7325;0,6725;5,0716;121,72
1020898;Ron Matusalem Gran Reserva 23 Rum;;24;24;03/01/2022;24;30;2,6666;1,7325;0,6725;5,0716;121,72
1003474;Ron Millonario Sistema Solera 15 Reserva;;88;88;03/01/2022;89;30;6,25;5,5687;0,6725;12,4912;1.099,23
1003659;Ron Zacapa Solera 23;;1;1;16/10/2020;1;474;1.367,52;5,2965;0;1.372,82;1.372,82
1022136;Ron Zacapa XO Solera Gran Reserva Especial (700mL);;2;2;22/02/2018;2;1441;89,5257;0,2685;0;89,7942;179,59
2100007581;Rooster and Wolf Fine Brandy;;3;3;14/12/2020;3;415;59,261;3,696;0;62,957;188,87
2100006713;Rooster Rojo Tequila Blanco;;1;1;29/05/2018;1;1345;51,3036;0,297;0;51,6006;51,6
1009084;Rosebank 21 Year Old 1990;;9;9;17/11/2021;9;77;11,9;3,696;0;15,596;140,36
1023662;Royal Brackla 12 Year Old;;2;2;17/11/2021;3;77;11,9;3,696;0;15,596;31,19
1021973;Royal Lochnagar Selected Reserve;;2;2;17/11/2021;2;77;11,9;3,696;0;15,596;31,19
2100006200;Royal Lochnagar The Distillers Edition 1998 Muscat Cask Finish;;7;7;18/03/2021;1;321;5,95;5,94;0,4872;12,3772;86,64
1021825;Rum XO III 0.5l;;7;7;06/10/2021;6;119;5,95;5,94;0,4872;12,3772;86,64
1024304;Sadler's Peaky Blinder Irish Whiskey;;6;6;24/01/2022;6;9;20,85;3,234;0,7872;24,8712;149,23
1022306;Saison Rum;;4;4;12/02/2021;4;355;45,79;5,0866;0;50,8766;203,51
2100006807;Šamar Brandy;;3;3;26/10/2021;3;99;22,8546;4,2504;0,4082;27,5132;82,54
1003524;Santa Teresa 1796 Solera Rum;;4;4;03/01/2022;4;30;30,1;5,1282;0,7075;35,9357;143,74
2100007406;Santa Teresa Añejo Gran Reserva;;7;7;24/01/2022;8;9;18,158;4,814;0,7693;23,7413;166,19
1024004;Säntis Malt Apricot Malt Liqueur;;11;11;14/12/2021;12;50;15,63;4,2504;0,496;20,3764;224,14
1007253;Säntis Malt Edition Dreifaltigkeit;;20;20;21/01/2021;20;377;13;3,696;0,2475;16,9435;338,87
1019740;Santos Dumont XO Rum;;3;3;07/12/2021;3;57;46,15;5,082;0,5873;51,8193;155,46
1023018;Savanna Rhum Vieux Traditionnel 7 Year Old;;3;3;14/12/2021;3;50;48,9;6,006;0,5145;55,4205;166,26
1022099;Sazerac 18 Year Old (Spring 2016) (Tasting sample);;12;12;23/11/2021;12;71;11,75;3,8808;0,4789;16,1097;193,32
1004205;Sazerac Straight Rye Whiskey;;1;1;28/12/2021;1;36;13,55;3,696;0,3704;17,6164;17,62
1022506;Scapa The Orcadian Glansa;;1;1;15/07/2020;1;567;1.016,40;4,2504;0;1.020,65;1.020,65
1022671;Seedlip Garden 108;;1;1;15/07/2020;1;567;653,5042;1,4335;0;654,9377;654,94
2100006006;Sephina;;1;1;10/11/2021;1;84;17,8;3,696;0,4848;21,9808;21,98
1022810;Shakmat 23 Year Old;;6;6;24/01/2022;6;9;9,35;3,696;1,3942;14,4402;86,64
1021905;Sierra Milenario Tequila Fumado;;5;5;24/01/2022;5;9;19,35;3,696;1,3942;24,4402;122,2
1014291;Silent Pool Gin;;5;5;16/11/2020;5;443;41,5;3,696;0,4941;45,6901;228,45
1003375;Sipsmith London Dry Gin;;2;2;10/11/2021;2;84;29,99;3,696;0,4848;34,1708;68,34
2100006726;Sipsmith Sloe Gin;;12;12;28/12/2021;12;36;9,05;3,696;0,3704;13,1164;157,4
1007471;Skarucna Serpent's Spit;;13;13;07/12/2021;4;57;16,446;3,696;0,5931;20,7351;269,56
1022207;Slane Triple Casked Irish Whiskey;;13;13;20/12/2021;9;44;16,446;3,696;0,5931;20,7351;269,56
2100007425;Smokehead Sherry Bomb Whisky;;1;1;28/03/2018;1;1407;72,8228;3,696;0;76,5188;76,52
1022313;Son of a Peat Batch 01;;3;3;03/01/2022;3;30;42,49;3,9732;0,7075;47,1707;141,51
1023025;Son of a Peat Batch 02;;1;1;16/10/2020;1;474;1.510,49;5,6456;0;1.516,14;1.516,14
1024147;Son of a Peat Batch 03 The Redeemer;;10;10;02/12/2021;10;62;17,42;4,62;0,5241;22,5641;225,64
1022322;Specialty Drinks Laphroaig 20 Year Old 1996;;7;7;08/10/2021;5;117;5,4568;4,62;1,014;11,0908;77,64
1006310;Speyburn 10 Year Old;;22;22;03/01/2022;22;30;9,6666;3,696;0,6725;14,0351;308,77
1023035;Speyburn 15 Year Old Highland Single Malt;;10;10;28/12/2021;10;36;13,35;3,696;0,3704;17,4164;174,16
1006644;Speyburn Bradan Orach;;15;15;28/12/2021;6;36;24,75;3,696;0,9463;29,3923;440,88
2100006033;Starward Fortis Single Malt;;15;15;24/01/2022;9;9;24,75;3,696;0,9463;29,3923;440,88
2100006032;Starward Left;Field Single Malt;1;1;28/12/2021;2;36;43;4,2504;0,3704;47,6208;47,62
1023077;Starward Nova Single Malt;;2;2;10/04/2018;2;1394;8,7796;0,2733;0;9,0529;18,11
1024228;Stork Club Straight Rye Whiskey;;2;2;15/04/2021;3;293;47,1865;4,2504;0;51,4369;102,87
2100006566;Stork Club Whiskey Sour;;7;7;13/11/2020;5;446;17,8366;3,9732;0,4143;22,2241;155,57
1005577;Strathmill 12 Year Old Flora and Fauna;;7;7;28/01/2022;3;5;17,8366;3,9732;0,4143;22,2241;155,57
2100007569;Strykk Not R*m;;3;3;06/11/2017;3;1549;22;1,9173;0,8667;24,784;74,35
1022311;Suntory Roku Gin;;3;3;10/11/2021;3;84;36,75;5,28;0,4848;42,5148;127,54
1022257;Suntory The Chita Whisky;;2;2;12/11/2021;2;82;10,52;2,97;0,4357;13,9257;27,85
1021791;Suntory Toki;;21;21;24/01/2022;23;9;15,7;4,62;0,7872;21,1072;443,25
1004700;Talisker 10 Year Old;;1;1;16/08/2021;1;170;13,12;4,158;0,3608;17,6388;17,64
1007350;Talisker Port Ruighe;;3;3;28/04/2021;3;280;17,5;3,696;0,5665;21,7625;65,29
1007466;Talisker Skye;;2;2;31/05/2021;2;247;25,5;3,696;0,3277;29,5237;59,05
1022477;Tamdhu 10 Year Old (Old Bottling);;6;6;28/12/2021;7;36;12,9853;3,5112;0,3914;16,8879;101,33
1024010;Tamnavulin Sherry Cask Edition;;2;2;28/12/2021;2;36;56,4;3,9732;0,3704;60,7436;121,49
2100007193;Tamnavulin Tempranillo Cask Edition (1L);;5;5;28/12/2021;5;36;13,25;3,696;0,3704;17,3164;86,58
1007308;Teeling Single Grain Irish Whiskey;;11;11;01/06/2021;11;246;18,8;3,696;0,6621;23,1581;254,74
1017397;Teeling Single Malt Irish Whiskey;;3;3;28/12/2021;3;36;16,5;3,696;0,3704;20,5664;61,7
1007295;Teeling Small Batch Irish Whiskey;;5;5;22/12/2021;5;42;37,99;3,696;0,8636;42,5496;212,75
1023036;Templeton 6 Year Old Rye Whiskey;;7;7;27/12/2021;7;37;75,7;3,696;0,7996;80,1956;561,37
2100005936;The Arran 18 Year Old;;9;9;20/12/2021;9;44;12,16;3,696;0,597;16,453;148,08
2100006251;The Balvenie 12 Year Old DoubleWood;;112;112;30/11/2020;112;429;0;5,1282;0,3639;5,4921;615,12
1023193;The Balvenie A Day of Dark Barley 26 Year Old;;201;201;30/11/2020;201;429;0;3,7422;0,3639;4,1061;825,33
1021783;The Balvenie Tun 1509 Batch #1;;35;35;30/11/2020;35;429;0;5,1282;0,3639;5,4921;192,22
1024226;The Bay Seasoned Vodka;;49;49;04/01/2022;49;29;0;4,95;0,6725;5,6225;275,5
1013244;The Dalmore 12 Year Old;;28;28;14/07/2020;27;568;20,8541;3,696;0,0006;24,5507;687,42
1005609;The Dalmore 15 Year Old;;1;1;21/09/2018;1;1230;137,75;4,9896;0;142,7396;142,74
1024443;The Dalmore 27 Year Old 1992 Cask Strength Collection;;1;1;21/09/2018;1;1230;137,75;4,7124;0;142,4624;142,46
1022381;The Dalmore Cigar Malt Reserve (700mL);;9;9;19/10/2021;1;106;12,2623;3,696;0,5204;16,4787;148,31
2100007586;The Dublin Liberties 5 Year Old Oak Devil;;9;9;02/12/2021;8;62;12,2623;3,696;0,5204;16,4787;148,31
1016868;The Epicurean Blended Scotch Whisky;;12;12;14/12/2021;3;50;10,3;3,7422;0,4334;14,4756;173,71
2100007409;The Gauldrons Campbeltown Blended Malt Whisky;;12;12;28/12/2021;9;36;10,3;3,7422;0,4334;14,4756;173,71
2100006201;The GlenDronach 26 Year Old 1993;;1;1;26/10/2021;1;99;27,75;3,696;0,4837;31,9297;31,93
1024445;The Glenlivet 12 Year Old 1960s;;4;4;24/01/2022;4;9;27,7;3,696;0,7872;32,1832;128,73
1007499;The Glenlivet Founder's Reserve;;4;4;12/11/2020;5;447;32,5363;3,696;0,3065;36,5388;146,16
1022750;The Glenrothes 10 Year Old;;1;1;26/10/2021;1;99;80,0004;3,6965;0,579;84,2759;84,28
1006206;The Ileach Cask Strength;;6;6;24/01/2022;6;9;20;3,696;1,3942;25,0902;150,54
1005074;The Ileach Peaty;;7;7;14/09/2021;7;141;13;3,5112;0;16,5112;115,58
1008325;The Irishman Founder's Reserve;;1;1;16/10/2020;1;474;851,59;4,9711;0;856,5611;856,56
1009595;The Irishman Single Malt Irish Whiskey (1L);;2;2;23/11/2021;2;71;27,5;3,696;0,4872;31,6832;63,37
1024449;The Macallan 12 Year Old 1980s (Giovinetti Import);;1;1;23/06/2021;1;224;536,0189;4,257;0;540,2759;540,28
2100006195;The Macallan 18 Year Old 1990 Sherry Oak;;1;1;23/06/2021;1;224;104,5891;3,696;0;108,2851;108,29
1023978;The Macallan 18 Year Old Double Cask;;40;40;18/10/2016;40;1933;15,3691;2,7509;0;18,12;724,8
1021717;The Quiet Man 8 Year Old;;10;10;02/04/2021;10;306;9,4984;3,696;0,4865;13,6809;136,81
2100007430;The Rum Factory 10 Year Old;;10;10;09/09/2021;4;146;18,1384;3,8808;0;22,0192;220,19
2100007420;The Singleton Of Dufftown 12 Year Old;;10;10;23/12/2021;6;41;18,1384;3,8808;0;22,0192;220,19
1023992;The Singleton of Dufftown Fruity Decadence 15 Year Old;;6;6;10/11/2021;6;84;13,524;3,696;0;17,22;103,32
1022808;The Stillery First Dinkelwheat Vodka;;1;1;03/11/2020;2;456;24,5;3,696;0,3828;28,5788;28,58
2100006766;The Tottori Blended Japanese Whisky;;9;9;22/12/2021;9;42;7,15;3,696;0,8636;11,7096;105,39
2100006911;The Tottori Blended Japanese Whisky (500ml);;3;3;03/01/2022;3;30;17,19;2,31;0,7075;20,2075;60,62
2100006569;The Tyrconnell 15 Year Old Madeira Cask Finish;;3;3;03/01/2022;4;30;27,24;4,8048;0,7075;32,7523;98,26
2100006799;The Tyrconnell Single Malt Irish Whiskey;;6;6;03/01/2022;6;30;32,0516;3,696;0,619;36,3666;218,2
1022593;Togouchi 9 Year Old;;8;8;08/04/2019;8;1031;38,342;4,2504;0;42,5924;340,74
1004901;Tomatin 25 Year Old;;1;1;30/04/2018;1;1374;34,5827;0,2673;0;34,85;34,85
1011511;Tomatin Cask Strength;;1;1;17/06/2019;1;961;58,45;4,455;0;62,905;62,91
1021462;Tomatin Legacy;;6;6;28/12/2021;6;36;30,5;3,696;0,3704;34,5664;207,4
2100007189;Torres 20 Hors d'Age Brandy;;6;6;24/01/2022;6;9;19,45;0;1,3942;20,8442;125,07
1009092;Torres 30 Jaime I. Brandy Reserva de la Famiglia;;136;136;14/12/2021;137;50;0;2,97;0,928;3,898;530,13
1022458;Tullibardine 10 Year Old;;15;15;23/12/2020;15;406;14,258;3,96;8,6942;26,9122;403,68
2100007415;Tullibardine 15 Year Old;;4;4;17/12/2020;4;412;22,8115;3,8346;0,385;27,0311;108,12
1021540;Tullibardine 225 Sauternes Finish Scotch;;2;2;01/06/2021;2;246;18,1;3,9732;0,6621;22,7353;45,47
1011678;Tullibardine 228 Burgundy Cask Finish;;7;7;07/12/2021;2;57;12,0954;3,8438;0,7399;16,6791;116,75
1015859;Tullibardine 500 Sherry Cask Finish;;7;7;24/01/2022;6;9;12,0954;3,8438;0,7399;16,6791;116,75
1015576;Tullibardine Sovereign;;3;3;28/12/2021;3;36;17,9;1,914;0,3976;20,2116;60,63
1023017;Turquoise Bay Amber Rum;;31;31;29/12/2016;31;1861;12,964;3,036;0;16;496
2100006512;Ukiyo Japanese Yuzu Gin;;5;5;03/01/2022;6;30;16,76;3,696;0,7075;21,1635;105,82
2100005950;Uncle Nearest 1856 Premium Aged Whiskey;;3;3;28/12/2021;3;36;39,95;4,4352;0,3704;44,7556;134,27
1021781;Vault Selection IX.;;17;17;15/11/2017;17;1540;17,5;4,7817;0,8125;23,0942;392,6
1021780;Vault Selection VIII.;;114;114;28/03/2019;114;1042;24,44;4,3613;0,8621;29,6634;3.381,63
2100005958;Vera Aperitivo Classico;;23;23;09/12/2020;23;420;29,77;4,9711;1,15;35,8911;825,5
2100007374;Vera Aperitivø Herbal;;1;1;16/11/2017;1;1539;658,0405;4,6754;0;662,7159;662,72
2100007375;Vera Aromaticø;;9;9;14/12/2021;9;50;12,95;3,696;0,5145;17,1605;154,44
2100005006;Vera Ginø;;4;4;23/11/2021;1;71;36,4987;4,2504;0,4949;41,244;164,98
1023634;Very Olde St. Nick Cask Strength Summer Rye;;4;4;14/12/2021;3;50;36,4987;4,2504;0,4949;41,244;164,98
1021734;Viuva Jose Gomes da Silva & Filhos Collares Genuino 1962;;8;8;14/12/2021;8;50;10,75;3,696;0,5145;14,9605;119,68
2100006318;Waterford Single Farm Origin Hook Head Edition 1.1;;1;1;31/05/2021;1;247;32,31;4,62;0,2917;37,2217;37,22
2100007240;West Cork IPA Cask Finish Blended Irish Whiskey;;4;4;31/05/2021;3;247;17,45;3,696;0,2917;21,4377;85,75
2100007238;West Cork Virgin Oak Cask Finish Single Malt Irish Whiskey;;1;1;22/12/2021;1;42;5,4025;3,7884;2,656;11,8469;11,85
1024527;Westward American Single Malt Pinot Noir Cask Finish;;53;53;14/05/2021;53;264;13;4,158;0;17,158;909,37
1022218;Westward American Single Malt Whiskey;;15;15;01/09/2021;9;154;11,2666;1,848;0,5707;13,6853;205,28
1023382;Westward Whiskey Oregon Stout Cask;;15;15;03/01/2022;6;30;11,2666;1,848;0,5707;13,6853;205,28
1024447;WhiskySponge 27 Year Old 1992 Edition No.17;;3;3;28/12/2021;3;36;37;3,9732;0,3704;41,3436;124,03
1023542;Whitley Neill Aloe & Cucumber Handcrafted Gin;;6;6;24/01/2022;6;9;15,5;0;1,3942;16,8942;101,37
1023544;Whitley Neill Blood Orange Handcrafted Gin;;4;4;23/11/2021;5;71;13,1713;3,9886;0,4449;17,6048;70,42
1023878;Whitley Neill Quince Handcrafted Gin;;3;3;02/12/2021;2;62;27,25;3,9732;0,6152;31,8384;95,52
1023877;Whitley Neill Rhubarb & Ginger Handcrafted Gin;;3;3;20/12/2021;1;44;27,25;3,9732;0,6152;31,8384;95,52
1022336;William Larue Weller 2013 Release (Tasting Sample);;20;20;22/12/2021;20;42;14,99;3,9732;0,7498;19,713;394,26
1022489;William Larue Weller 2017 Release (Tasting Sample);;1;1;13/09/2021;1;142;20,95;4,2319;0,5489;25,7308;25,73
1017389;Williams Great British Extra Dry Gin;;3;3;21/12/2020;3;408;24,6378;4,2319;0,4043;29,274;87,82
1022584;Wolfburn Aurora;;3;3;09/03/2021;6;330;24,6378;4,2319;0,4043;29,274;87,82
1023292;Wolfburn Langskip;;1;1;23/11/2021;1;71;20,4;4,2319;0,4789;25,1108;25,11
1023291;Wolfburn Morven;;1;1;28/03/2018;1;1407;72,8228;3,696;0;76,5188;76,52
1004109;Woodford Reserve Distiller's Select Bourbon Whiskey;;4;4;28/12/2021;5;36;11,95;3,696;0,3704;16,0164;64,07
1024008;Writers' Tears Japanese Mizunara Cask Finish;;1;1;10/11/2021;1;84;19,9;5,28;0,4848;25,6648;25,66
1023095;XM Rum Supreme 15 Year Old;;12;12;24/01/2022;6;9;16,725;4,2504;1,0907;22,0661;264,79
1005057;Yamazaki 12 Year Old;;12;12;24/01/2022;6;9;16,725;4,2504;1,0907;22,0661;264,79
1022629;Yamazaki 18 Year Old (Tasting sample);;4;4;22/11/2021;4;72;19,99;4,2504;0,7255;24,9659;99,86
1022098;Yamazaki 1993 Single Cask No. 3Q70048 Heavily Peated (Tasting sample);;20;20;07/12/2021;12;57;12,0352;4,2504;0,5496;16,8352;336,7
1022108;Yamazaki 2015 Limited Edition (Tasting sample);;20;20;28/12/2021;8;36;12,0352;4,2504;0,5496;16,8352;336,7
1022228;Yamazaki 2016 Limited Edition (Tasting Sample);;7;7;02/12/2021;1;62;16,19;4,2273;0,6341;21,0514;147,36
1024482;Yamazakura Fine Blended Whisky;;7;7;03/01/2022;6;30;16,19;4,2273;0,6341;21,0514;147,36
1024146;Yellow Rose Rye Whiskey;;6;6;22/12/2021;6;42;55,5;4,2504;0,8636;60,614;363,68
1022785;Yellowstone Select Bourbon;;1;1;23/11/2021;1;71;33,5;3,696;0,4789;37,6749;37,67
1004450;Yoichi 15 Year Old;;1;1;16/10/2020;1;474;621,6;4,4167;0;626,0167;626,02
1007379;Zuidam Millstone 100 Rye Whisky;;1;1;16/10/2020;1;474;385,39;4,352;0;389,742;389,74